{"cameraMode":{"drawMode":0,"name":"Shaded","section":"Shading Mode"},"sceneLighting":false,"audioPlay":false,"sceneViewState":{"m_AlwaysRefresh":false,"showFog":true,"showSkybox":false,"showFlares":true,"showImageEffects":true,"showParticleSystems":true,"showVisualEffectGraphs":true,"m_FxEnabled":true},"in2DMode":false,"pivot":{"x":-0.33590880036354067,"y":1.0086473226547242,"z":2.0937817096710207},"rotation":{"x":0.19976693391799928,"y":-0.16800938546657563,"z":0.03601984307169914,"w":0.9651522636413574},"size":5.379382133483887,"orthographic":false}