{"cameraMode":{"drawMode":0,"name":"Shaded","section":"Shading Mode"},"sceneLighting":false,"audioPlay":false,"sceneViewState":{"m_AlwaysRefresh":false,"showFog":true,"showSkybox":false,"showFlares":true,"showImageEffects":true,"showParticleSystems":true,"showVisualEffectGraphs":true,"m_FxEnabled":true},"in2DMode":false,"pivot":{"x":-0.24210047721862794,"y":2.9855289459228517,"z":0.8624831438064575},"rotation":{"x":0.34831348061561587,"y":-0.2175675481557846,"z":0.08346439898014069,"w":0.9079546332359314},"size":3.9785430431365969,"orthographic":false}