{"cameraMode":{"drawMode":0,"name":"Shaded","section":"Shading Mode"},"sceneLighting":false,"audioPlay":false,"sceneViewState":{"m_AlwaysRefresh":false,"showFog":true,"showSkybox":false,"showFlares":true,"showImageEffects":true,"showParticleSystems":true,"showVisualEffectGraphs":true,"m_FxEnabled":true},"in2DMode":false,"pivot":{"x":0.4784110486507416,"y":1.3688396215438843,"z":-1.0003241300582886},"rotation":{"x":-0.015868915244936944,"y":-0.9793165326118469,"z":0.18307575583457948,"w":-0.0848143920302391},"size":1.7957111597061158,"orthographic":false}