{"cameraMode":{"drawMode":0,"name":"Shaded","section":"Shading Mode"},"sceneLighting":false,"audioPlay":false,"sceneViewState":{"m_AlwaysRefresh":false,"showFog":true,"showSkybox":false,"showFlares":true,"showImageEffects":true,"showParticleSystems":true,"showVisualEffectGraphs":true,"m_FxEnabled":true},"in2DMode":false,"pivot":{"x":-0.2095687836408615,"y":1.0561152696609498,"z":-0.20380628108978272},"rotation":{"x":0.033647917211055759,"y":-0.9609037041664124,"z":0.13988901674747468,"w":0.2385648488998413},"size":3.4685122966766359,"orthographic":false}