{"cameraMode":{"drawMode":0,"name":"Shaded","section":"Shading Mode"},"sceneLighting":true,"audioPlay":false,"sceneViewState":{"m_AlwaysRefresh":false,"showFog":true,"showSkybox":true,"showFlares":true,"showImageEffects":true,"showParticleSystems":true,"showVisualEffectGraphs":true,"m_FxEnabled":true},"in2DMode":false,"pivot":{"x":-17.91663932800293,"y":2.6331288814544679,"z":-51.20792007446289},"rotation":{"x":0.0009090749081224203,"y":-0.9702824354171753,"z":0.009374906308948994,"w":0.24384848773479463},"size":21.35368537902832,"orthographic":false}