{"cameraMode":{"drawMode":0,"name":"Shaded","section":"Shading Mode"},"sceneLighting":true,"audioPlay":false,"sceneViewState":{"m_AlwaysRefresh":false,"showFog":true,"showSkybox":true,"showFlares":true,"showImageEffects":true,"showParticleSystems":true,"showVisualEffectGraphs":true,"m_FxEnabled":true},"in2DMode":false,"pivot":{"x":42.976261138916019,"y":-21.437030792236329,"z":-93.8315200805664},"rotation":{"x":-0.020463380962610246,"y":-0.9792371988296509,"z":0.09253662824630737,"w":-0.18239742517471314},"size":71.02101135253906,"orthographic":false}