{"cameraMode":{"drawMode":0,"name":"Shaded","section":"Shading Mode"},"sceneLighting":true,"audioPlay":false,"sceneViewState":{"m_AlwaysRefresh":false,"showFog":true,"showSkybox":true,"showFlares":true,"showImageEffects":true,"showParticleSystems":true,"showVisualEffectGraphs":true,"m_FxEnabled":true},"in2DMode":false,"pivot":{"x":-0.11595731228590012,"y":3.560140371322632,"z":-7.087188243865967},"rotation":{"x":-0.01014876551926136,"y":-0.9835497140884399,"z":0.054866619408130649,"w":-0.17344027757644654},"size":2.1097397804260256,"orthographic":false}