{"cameraMode":{"drawMode":0,"name":"Shaded","section":"Shading Mode"},"sceneLighting":true,"audioPlay":false,"sceneViewState":{"m_AlwaysRefresh":false,"showFog":true,"showSkybox":true,"showFlares":true,"showImageEffects":true,"showParticleSystems":true,"showVisualEffectGraphs":true,"m_FxEnabled":true},"in2DMode":false,"pivot":{"x":0.4441679120063782,"y":2.7265992164611818,"z":-2.5333125591278078},"rotation":{"x":0.0006069180672056973,"y":-0.9953568577766419,"z":0.10068678110837937,"w":0.010373000055551529},"size":0.2829272449016571,"orthographic":false}