{"cameraMode":{"drawMode":0,"name":"Shaded","section":"Shading Mode"},"sceneLighting":true,"audioPlay":false,"sceneViewState":{"m_AlwaysRefresh":false,"showFog":true,"showSkybox":true,"showFlares":true,"showImageEffects":true,"showParticleSystems":true,"showVisualEffectGraphs":true,"m_FxEnabled":true},"in2DMode":false,"pivot":{"x":35.270450592041019,"y":1.7472399473190308,"z":-73.57897186279297},"rotation":{"x":0.09236611425876618,"y":-0.12519344687461854,"z":0.012591643258929253,"w":0.9882271885871887},"size":12.84245777130127,"orthographic":false}