{"cameraMode":{"drawMode":0,"name":"Shaded","section":"Shading Mode"},"sceneLighting":true,"audioPlay":false,"sceneViewState":{"m_AlwaysRefresh":false,"showFog":true,"showSkybox":true,"showFlares":true,"showImageEffects":true,"showParticleSystems":true,"showVisualEffectGraphs":true,"m_FxEnabled":true},"in2DMode":false,"pivot":{"x":0.3548875153064728,"y":2.5816915035247804,"z":-0.7772988677024841},"rotation":{"x":0.07956888526678086,"y":-0.7802908420562744,"z":0.10147590935230255,"w":0.6120001673698425},"size":12.829782485961914,"orthographic":false}