{"cameraMode":{"drawMode":0,"name":"Shaded","section":"Shading Mode"},"sceneLighting":true,"audioPlay":false,"sceneViewState":{"m_AlwaysRefresh":false,"showFog":true,"showSkybox":true,"showFlares":true,"showImageEffects":true,"showParticleSystems":true,"showVisualEffectGraphs":true,"m_FxEnabled":true},"in2DMode":false,"pivot":{"x":1.8928122520446778,"y":1.2795753479003907,"z":4.234892845153809},"rotation":{"x":-0.14842328429222108,"y":0.45708906650543215,"z":-0.07766742259263993,"w":-0.8735069036483765},"size":2.878983736038208,"orthographic":false}