{"cameraMode":{"drawMode":0,"name":"Shaded","section":"Shading Mode"},"sceneLighting":true,"audioPlay":false,"sceneViewState":{"m_AlwaysRefresh":false,"showFog":true,"showSkybox":true,"showFlares":true,"showImageEffects":true,"showParticleSystems":true,"showVisualEffectGraphs":true,"m_FxEnabled":true},"in2DMode":false,"pivot":{"x":3.345848321914673,"y":26.947689056396486,"z":29.198768615722658},"rotation":{"x":0.021336469799280168,"y":-0.9215100407600403,"z":0.38438305258750918,"w":0.052867088466882709},"size":0.25133591890335085,"orthographic":false}