{"cameraMode":{"drawMode":0,"name":"Shaded","section":"Shading Mode"},"sceneLighting":false,"audioPlay":false,"sceneViewState":{"m_AlwaysRefresh":false,"showFog":true,"showSkybox":false,"showFlares":true,"showImageEffects":true,"showParticleSystems":true,"showVisualEffectGraphs":true,"m_FxEnabled":true},"in2DMode":false,"pivot":{"x":-0.2621760368347168,"y":-0.04453467205166817,"z":-0.5386085510253906},"rotation":{"x":0.06172232702374458,"y":-0.9288450479507446,"z":0.18409107625484467,"w":0.3170171082019806},"size":0.8333188891410828,"orthographic":false}