{"cameraMode":{"drawMode":0,"name":"Shaded","section":"Shading Mode"},"sceneLighting":false,"audioPlay":false,"sceneViewState":{"m_AlwaysRefresh":false,"showFog":true,"showSkybox":false,"showFlares":true,"showImageEffects":true,"showParticleSystems":true,"showVisualEffectGraphs":true,"m_FxEnabled":true},"in2DMode":false,"pivot":{"x":-5.383137226104736,"y":0.3336069881916046,"z":-0.3398217558860779},"rotation":{"x":0.01590438187122345,"y":0.7589229345321655,"z":0.01757989078760147,"w":-0.6512961983680725},"size":0.7740479111671448,"orthographic":false}