{"cameraMode":{"drawMode":0,"name":"Shaded","section":"Shading Mode"},"sceneLighting":false,"audioPlay":false,"sceneViewState":{"m_AlwaysRefresh":false,"showFog":true,"showSkybox":false,"showFlares":true,"showImageEffects":true,"showParticleSystems":true,"showVisualEffectGraphs":true,"m_FxEnabled":true},"in2DMode":false,"pivot":{"x":2.1435298919677736,"y":-0.0409700870513916,"z":0.23610877990722657},"rotation":{"x":-0.0036397238727658989,"y":-0.9897421002388,"z":0.14532352983951569,"w":-0.015941880643367769},"size":5.413729190826416,"orthographic":false}