{"cameraMode":{"drawMode":0,"name":"Shaded","section":"Shading Mode"},"sceneLighting":false,"audioPlay":false,"sceneViewState":{"m_AlwaysRefresh":false,"showFog":true,"showSkybox":false,"showFlares":true,"showImageEffects":true,"showParticleSystems":true,"showVisualEffectGraphs":true,"m_FxEnabled":true},"in2DMode":false,"pivot":{"x":0.20327919721603394,"y":1.597206711769104,"z":-0.20195965468883515},"rotation":{"x":0.024067100137472154,"y":-0.9749888181686401,"z":0.16586482524871827,"w":0.1492757946252823},"size":5.413729190826416,"orthographic":false}