{"cameraMode":{"drawMode":0,"name":"Shaded","section":"Shading Mode"},"sceneLighting":false,"audioPlay":false,"sceneViewState":{"m_AlwaysRefresh":false,"showFog":true,"showSkybox":false,"showFlares":true,"showImageEffects":true,"showParticleSystems":true,"showVisualEffectGraphs":true,"m_FxEnabled":true},"in2DMode":false,"pivot":{"x":-0.059092048555612567,"y":0.04929618537425995,"z":-0.027958335354924203},"rotation":{"x":-0.015270141884684563,"y":-0.985012948513031,"z":0.09197166562080383,"w":-0.14852672815322877},"size":0.36328110098838808,"orthographic":false}