{"cameraMode":{"drawMode":0,"name":"Shaded","section":"Shading Mode"},"sceneLighting":false,"audioPlay":false,"sceneViewState":{"m_AlwaysRefresh":false,"showFog":true,"showSkybox":false,"showFlares":true,"showImageEffects":true,"showParticleSystems":true,"showVisualEffectGraphs":true,"m_FxEnabled":true},"in2DMode":false,"pivot":{"x":-0.059092044830322269,"y":0.04929637908935547,"z":-0.027958393096923829},"rotation":{"x":-0.03196737542748451,"y":-0.9696445465087891,"z":0.1615118682384491,"w":-0.18352985382080079},"size":0.27792981266975405,"orthographic":false}