{"cameraMode":{"drawMode":0,"name":"Shaded","section":"Shading Mode"},"sceneLighting":false,"audioPlay":false,"sceneViewState":{"m_AlwaysRefresh":false,"showFog":true,"showSkybox":false,"showFlares":true,"showImageEffects":true,"showParticleSystems":true,"showVisualEffectGraphs":true,"m_FxEnabled":true},"in2DMode":false,"pivot":{"x":0.722477376461029,"y":1.469195008277893,"z":-0.03655838966369629},"rotation":{"x":-0.045145511627197269,"y":0.8486401438713074,"z":-0.07463953644037247,"w":-0.5224115252494812},"size":0.7247565984725952,"orthographic":false}